author,created_utc,awarders,domain,full_link,gildings,id,is_crosspostable,is_original_content,is_reddit_media_domain,is_self,is_video,locked,num_comments,num_crossposts,over_18,permalink,pinned,retrieved_on,score,selftext,stickied,subreddit,subreddit_id,subreddit_subscribers,subreddit_type,thumbnail,title,total_awards_received,upvote_ratio,url,post_hint,preview
Venom_VA,1583002181,[],rm.reddit.com,https://www.reddit.com/r/ModerationLog/comments/fbh2g0/15_0_this_is_good_boomer_humor/,{},fbh2g0,True,False,False,False,False,False,0,0,False,https://reddit.com/r/ModerationLog/comments/fbh2g0/15_0_this_is_good_boomer_humor/,False,1583002184,1,,False,ModerationLog,t5_2tqat,1590,public,default,+15 0 This is good boomer humor,0,,https://rm.reddit.com/r/goodboomerhumor/comments/en3qg3/this_is_good_boomer_humor/#goodboomerhumor|ctk451,,
Venom_VA,1583000408,[],rm.reddit.com,https://www.reddit.com/r/ModerationLog/comments/fbgmbh/17_0_im_down_for_this_chain/,{},fbgmbh,False,False,False,False,False,False,0,0,False,https://reddit.com/r/ModerationLog/comments/fbgmbh/17_0_im_down_for_this_chain/,False,1583000410,1,,False,ModerationLog,t5_2tqat,1590,public,default,+17 0 im down for this chain,0,,https://rm.reddit.com/r/ShitPostCrusaders/comments/f4lw7a/im_down_for_this_chain/#ShitPostCrusaders|YTJetstargaming,,
Shryanshi,1589088314,[],i.redd.it,https://www.reddit.com/r/ModerationLog/comments/ggvk8f/handwork/,{},ggvk8f,False,False,True,False,False,False,0,0,False,https://reddit.com/r/ModerationLog/comments/ggvk8f/handwork/,False,1589088315,1,,False,ModerationLog,t5_2tqat,1608,public,default,Handwork,0,1.0,https://i.redd.it/9129r5kwhvx41.jpg,,
Shryanshi,1589088154,[],i.redd.it,https://www.reddit.com/r/ModerationLog/comments/ggvj4u/handwork/,{},ggvj4u,False,False,True,False,False,False,0,0,False,https://reddit.com/r/ModerationLog/comments/ggvj4u/handwork/,False,1589088155,1,,False,ModerationLog,t5_2tqat,1608,public,default,Handwork,0,1.0,https://i.redd.it/brquu2gfhvx41.jpg,,
Nasci101,1589015488,[],blocked-drainage.co.uk,https://www.reddit.com/r/ModerationLog/comments/ggc8vb/blocked_drains_uk/,{},ggc8vb,False,False,False,False,False,False,0,0,False,https://reddit.com/r/ModerationLog/comments/ggc8vb/blocked_drains_uk/,False,1589015488,1,,False,ModerationLog,t5_2tqat,1607,public,default,Blocked Drains UK,0,1.0,http://www.blocked-drainage.co.uk/,,
Venom_VA,1583000058,[],rm.reddit.com,https://www.reddit.com/r/ModerationLog/comments/fbgj3c/8_22_beware_deep_web_buyers_three_informants/,{},fbgj3c,False,False,False,False,False,False,0,0,False,https://reddit.com/r/ModerationLog/comments/fbgj3c/8_22_beware_deep_web_buyers_three_informants/,False,1583000060,1,,False,ModerationLog,t5_2tqat,1590,public,default,"+8 22 Beware Deep Web Buyers... Three informants listed here who are responsible for 129 arrests on deep web in 2019, insist TOR is now compromised. Court Files are sealed. Read comments on Tor thread at r/secretnomore.",0,,https://rm.reddit.com/r/TOR/comments/fb3rto/beware_deep_web_buyers_three_informants_listed/#TOR|JustAShadowOnTheSun,,
Venom_VA,1583000228,[],rm.reddit.com,https://www.reddit.com/r/ModerationLog/comments/fbgknj/17_1_music_garage_recordings_awesome_live_music/,{},fbgknj,False,False,False,False,False,False,0,0,False,https://reddit.com/r/ModerationLog/comments/fbgknj/17_1_music_garage_recordings_awesome_live_music/,False,1583000230,1,,False,ModerationLog,t5_2tqat,1590,public,default,+17 1 Music: Garage Recordings - Awesome live music videos on YouTube!,0,,https://rm.reddit.com/r/ChannelWatch/comments/f57ie8/music_garage_recordings_awesome_live_music_videos/#ChannelWatch|Hobbitfeet1991,,
Shryanshi,1589088738,[],i.redd.it,https://www.reddit.com/r/ModerationLog/comments/ggvncx/handwork/,{},ggvncx,False,False,True,False,False,False,0,0,False,https://reddit.com/r/ModerationLog/comments/ggvncx/handwork/,False,1589088739,1,,False,ModerationLog,t5_2tqat,1608,public,default,Handwork,0,1.0,https://i.redd.it/o5y6tec4jvx41.jpg,,
rushinandhith,1593222406,[],chaitimenews.info,https://www.reddit.com/r/ModerationLog/comments/hgkqvy/omnisexual_vs_pansexual_sometimes_difference/,{},hgkqvy,False,False,False,False,False,False,0,0,False,https://reddit.com/r/ModerationLog/comments/hgkqvy/omnisexual_vs_pansexual_sometimes_difference/,False,1593222410,1,,False,ModerationLog,t5_2tqat,1621,public,https://b.thumbs.redditmedia.com/TqVMOcNinNBgH3BsjAInwFj66UEOta49b4CNHg_QCYI.jpg,Omnisexual Vs Pansexual Sometimes Difference Between,0,1.0,https://chaitimenews.info/omnisexual-vs-pansexual-sometimes-difference-between/,link,"{'enabled': False, 'images': [{'id': 'f4cwg0ArELNE7Uq6RhF-Z3DMJhNDjFsjmzJBuguv2VY', 'resolutions': [{'height': 59, 'url': 'https://external-preview.redd.it/8iT29ZHU-Gm7Kt2AJ8JLQ1rRrQ-8-xDHHSs951Msztk.jpg?width=108&amp;crop=smart&amp;auto=webp&amp;s=75d06af7be35f936a4cd5fac44ea794e0a53ab33', 'width': 108}, {'height': 119, 'url': 'https://external-preview.redd.it/8iT29ZHU-Gm7Kt2AJ8JLQ1rRrQ-8-xDHHSs951Msztk.jpg?width=216&amp;crop=smart&amp;auto=webp&amp;s=c9bdc72dbb5ba90f763e6fb6ba887d1d2e964c96', 'width': 216}, {'height': 177, 'url': 'https://external-preview.redd.it/8iT29ZHU-Gm7Kt2AJ8JLQ1rRrQ-8-xDHHSs951Msztk.jpg?width=320&amp;crop=smart&amp;auto=webp&amp;s=3bbc4df1c263fe65c6689c1dde5c627e028d193b', 'width': 320}, {'height': 355, 'url': 'https://external-preview.redd.it/8iT29ZHU-Gm7Kt2AJ8JLQ1rRrQ-8-xDHHSs951Msztk.jpg?width=640&amp;crop=smart&amp;auto=webp&amp;s=38b2e2806951bf435076f0aed3a9e69cee67c513', 'width': 640}, {'height': 532, 'url': 'https://external-preview.redd.it/8iT29ZHU-Gm7Kt2AJ8JLQ1rRrQ-8-xDHHSs951Msztk.jpg?width=960&amp;crop=smart&amp;auto=webp&amp;s=0a44e0fe1fea70d08032254413f9a0ca22c9ea80', 'width': 960}, {'height': 599, 'url': 'https://external-preview.redd.it/8iT29ZHU-Gm7Kt2AJ8JLQ1rRrQ-8-xDHHSs951Msztk.jpg?width=1080&amp;crop=smart&amp;auto=webp&amp;s=9c84290a7dbe9017e0f2b4d6ec4bfd5f3b65849e', 'width': 1080}], 'source': {'height': 636, 'url': 'https://external-preview.redd.it/8iT29ZHU-Gm7Kt2AJ8JLQ1rRrQ-8-xDHHSs951Msztk.jpg?auto=webp&amp;s=7937f5b3507340e725c9b96b5e939aef38e668f1', 'width': 1146}, 'variants': {}}]}"
muddlebuddy,1587361496,[],self.ModerationLog,https://www.reddit.com/r/ModerationLog/comments/g4n40i/ask_reddit_moderators/,{},g4n40i,False,False,False,True,False,False,0,0,False,https://reddit.com/r/ModerationLog/comments/g4n40i/ask_reddit_moderators/,False,1587361497,1,[removed],False,ModerationLog,t5_2tqat,1600,public,self,Ask Reddit Moderators,0,,https://www.reddit.com/r/ModerationLog/comments/g4n40i/ask_reddit_moderators/,,
Shryanshi,1589088314,[],i.redd.it,https://www.reddit.com/r/ModerationLog/comments/ggvk8f/handwork/,{},ggvk8f,False,False,True,False,False,False,0,0,False,https://reddit.com/r/ModerationLog/comments/ggvk8f/handwork/,False,1589088315,1,,False,ModerationLog,t5_2tqat,1608,public,default,Handwork,0,1.0,https://i.redd.it/9129r5kwhvx41.jpg,,
Shryanshi,1589088154,[],i.redd.it,https://www.reddit.com/r/ModerationLog/comments/ggvj4u/handwork/,{},ggvj4u,False,False,True,False,False,False,0,0,False,https://reddit.com/r/ModerationLog/comments/ggvj4u/handwork/,False,1589088155,1,,False,ModerationLog,t5_2tqat,1608,public,default,Handwork,0,1.0,https://i.redd.it/brquu2gfhvx41.jpg,,
Nasci101,1589015488,[],blocked-drainage.co.uk,https://www.reddit.com/r/ModerationLog/comments/ggc8vb/blocked_drains_uk/,{},ggc8vb,False,False,False,False,False,False,0,0,False,https://reddit.com/r/ModerationLog/comments/ggc8vb/blocked_drains_uk/,False,1589015488,1,,False,ModerationLog,t5_2tqat,1607,public,default,Blocked Drains UK,0,1.0,http://www.blocked-drainage.co.uk/,,
Shryanshi,1589088738,[],i.redd.it,https://www.reddit.com/r/ModerationLog/comments/ggvncx/handwork/,{},ggvncx,False,False,True,False,False,False,0,0,False,https://reddit.com/r/ModerationLog/comments/ggvncx/handwork/,False,1589088739,1,,False,ModerationLog,t5_2tqat,1608,public,default,Handwork,0,1.0,https://i.redd.it/o5y6tec4jvx41.jpg,,
rushinandhith,1593222406,[],chaitimenews.info,https://www.reddit.com/r/ModerationLog/comments/hgkqvy/omnisexual_vs_pansexual_sometimes_difference/,{},hgkqvy,False,False,False,False,False,False,0,0,False,https://reddit.com/r/ModerationLog/comments/hgkqvy/omnisexual_vs_pansexual_sometimes_difference/,False,1593222410,1,,False,ModerationLog,t5_2tqat,1621,public,https://b.thumbs.redditmedia.com/TqVMOcNinNBgH3BsjAInwFj66UEOta49b4CNHg_QCYI.jpg,Omnisexual Vs Pansexual Sometimes Difference Between,0,1.0,https://chaitimenews.info/omnisexual-vs-pansexual-sometimes-difference-between/,link,"{'enabled': False, 'images': [{'id': 'f4cwg0ArELNE7Uq6RhF-Z3DMJhNDjFsjmzJBuguv2VY', 'resolutions': [{'height': 59, 'url': 'https://external-preview.redd.it/8iT29ZHU-Gm7Kt2AJ8JLQ1rRrQ-8-xDHHSs951Msztk.jpg?width=108&amp;crop=smart&amp;auto=webp&amp;s=75d06af7be35f936a4cd5fac44ea794e0a53ab33', 'width': 108}, {'height': 119, 'url': 'https://external-preview.redd.it/8iT29ZHU-Gm7Kt2AJ8JLQ1rRrQ-8-xDHHSs951Msztk.jpg?width=216&amp;crop=smart&amp;auto=webp&amp;s=c9bdc72dbb5ba90f763e6fb6ba887d1d2e964c96', 'width': 216}, {'height': 177, 'url': 'https://external-preview.redd.it/8iT29ZHU-Gm7Kt2AJ8JLQ1rRrQ-8-xDHHSs951Msztk.jpg?width=320&amp;crop=smart&amp;auto=webp&amp;s=3bbc4df1c263fe65c6689c1dde5c627e028d193b', 'width': 320}, {'height': 355, 'url': 'https://external-preview.redd.it/8iT29ZHU-Gm7Kt2AJ8JLQ1rRrQ-8-xDHHSs951Msztk.jpg?width=640&amp;crop=smart&amp;auto=webp&amp;s=38b2e2806951bf435076f0aed3a9e69cee67c513', 'width': 640}, {'height': 532, 'url': 'https://external-preview.redd.it/8iT29ZHU-Gm7Kt2AJ8JLQ1rRrQ-8-xDHHSs951Msztk.jpg?width=960&amp;crop=smart&amp;auto=webp&amp;s=0a44e0fe1fea70d08032254413f9a0ca22c9ea80', 'width': 960}, {'height': 599, 'url': 'https://external-preview.redd.it/8iT29ZHU-Gm7Kt2AJ8JLQ1rRrQ-8-xDHHSs951Msztk.jpg?width=1080&amp;crop=smart&amp;auto=webp&amp;s=9c84290a7dbe9017e0f2b4d6ec4bfd5f3b65849e', 'width': 1080}], 'source': {'height': 636, 'url': 'https://external-preview.redd.it/8iT29ZHU-Gm7Kt2AJ8JLQ1rRrQ-8-xDHHSs951Msztk.jpg?auto=webp&amp;s=7937f5b3507340e725c9b96b5e939aef38e668f1', 'width': 1146}, 'variants': {}}]}"
